{
  "turn_index": 2,
  "observation": {
    "step": 2,
    "images": [
      "rl_episodes/scene_42899696_ep_0/render_00.png",
      "rl_episodes/scene_42899696_ep_0/render_01.png",
      "rl_episodes/scene_42899696_ep_0/render_02.png"
    ],
    "camera_positions": [
      [
        [
          0.0,
          -0.0,
          1.0,
          0.23911499977111816
        ],
        [
          0.0,
          1.0,
          0.0,
          1.8310399055480957
        ],
        [
          -1.0,
          0.0,
          0.0,
          -0.48500003814697257
        ],
        [
          0.0,
          0.0,
          0.0,
          1.0
        ]
      ],
      [
        [
          0.0,
          0.0,
          1.0,
          0.5391149997711182
        ],
        [
          0.0,
          1.0,
          0.0,
          1.8310399055480957
        ],
        [
          -1.0,
          0.0,
          0.0,
          -0.48500003814697257
        ],
        [
          0.0,
          0.0,
          0.0,
          1.0
        ]
      ],
      [
        [
          0.0,
          -1.0,
          6.123233995736766e-17,
          0.5391149997711182
        ],
        [
          0.0,
          6.123233995736766e-17,
          1.0,
          1.8310399055480957
        ],
        [
          -1.0,
          0.0,
          0.0,
          -0.48500003814697257
        ],
        [
          0.0,
          0.0,
          0.0,
          1.0
        ]
      ]
    ],
    "current_position": [
      0.5391149997711182,
      1.8310399055480957,
      -0.48500003814697257
    ],
    "current_rotation": [
      [
        0.0,
        -1.0,
        6.123233995736766e-17
      ],
      [
        0.0,
        6.123233995736766e-17,
        1.0
      ],
      [
        -1.0,
        0.0,
        0.0
      ]
    ],
    "bbox_mins": [
      -5.190000057220459,
      -2.163710117340088,
      -2.0850000381469727
    ],
    "bbox_maxs": [
      5.668230056762695,
      5.825789928436279,
      2.6392099857330322
    ],
    "question": "You are a robot beginning at the tv facing the bed. You want to navigate to the trash bin. You will perform the following actions (Note: for each [please fill in], choose either 'turn back,' 'turn left,' or 'turn right.'): 1. [please fill in] 2. Go forward until the cabinet 3. [please fill in] 4. Go forward until the trash bin is on your right. You have reached the final destination.",
    "choices": [
      "A. Turn Left, Turn Left",
      "B. Turn Right, Turn Left",
      "C. Turn Back, Turn Left",
      "D. Turn Right, Turn Right"
    ],
    "movement_history": [
      {
        "rotation": 0.0,
        "forward": 0.3,
        "left": 0.0,
        "z_delta": 0.0
      },
      {
        "rotation": 90.0,
        "forward": 0.0,
        "left": 0.0,
        "z_delta": 0.0
      }
    ],
    "is_final_step": false
  },
  "full_prompt": "## Image History (numbered for reference):\n  Image 0: position [x=0.24m, y=1.83m, z=-0.49m]\n  Image 1: position [x=0.54m, y=1.83m, z=-0.49m]\n  Image 2: position [x=0.54m, y=1.83m, z=-0.49m]\n\nAbove are all the images you have seen so far in this exploration.\n\n\n            You are given rendered views of a 3D room scene. You control the camera by specifying how to move it. \n            Your goal is to find the answer to the question below by exploring the scene with camera movements.\n\n            Scene bounding box limits (meters):\n  x: [-5.2, 5.7]\n  y: [-2.2, 5.8]\n  z: [-2.1, 2.6]\n\n\n\n            # Current camera position: [0.54, 1.83, -0.49] (x, y, z in meters)\n            # This is exploration step 2\n\n            Question: If you begin navigating at the tv facing the bed. You want to navigate to the trash bin. You will perform the following actions (Note: for each [please fill in], choose either 'turn back,' 'turn left,' or 'turn right.'): 1. [please fill in] 2. Go forward until the cabinet 3. [please fill in] 4. Go forward until the trash bin is on your right. You have reached the final destination.\n            \n**Answer Options:**\n  A) A. Turn Left, Turn Left\n  B) B. Turn Right, Turn Left\n  C) C. Turn Back, Turn Left\n  D) D. Turn Right, Turn Right\n\n\n\n            \n**Note:** Your first task is to identify the starting place mentioned in the question.\n\n            IMPORTANT: Keep exploring and DO NOT output an answer unless you are ready to stop (done=true). Answer and done=true should come together, not separately.\n\n            ---\n            DETAILED REASONING INSTRUCTIONS:\n\n            1. **Analyze the current view thoroughly:**\n            - What objects and areas are visible?\n            - What areas are hidden or blocked from the current viewpoint?\n            - What would you need to see to better answer the question?\n\n            2. **Plan your camera movement:**\n            - Decide how much to move forward/backward (toward/away from what you're looking at)\n            - Decide how much to move left/right (perpendicular to where you're looking)\n            - Think about what rotation (turning left/right) might help\n            - Write out your reasoning in plain English before giving the JSON.\n\n            3. **Specify the movement:**\n            - `rotation_angle_degrees`: positive = turn left, negative = turn right (e.g., 15, -30, 90)\n            - `forward_meters`: positive = move forward (in the direction you're facing), negative = move backward. Range: -0.5 to +0.5 meters\n            - `left_meters`: positive = strafe left, negative = strafe right. Range: -0.5 to +0.5 meters\n            - `z_delta_meters`: move up (+) or down (-) to change height. Range: -0.3 to +0.3 meters\n\n            \n4. **Do NOT stay in the same location.** Always provide at least one non-zero movement.\n\n5. **Answering too early is a mistake.** ONLY output an answer (A, B, C, or D) when you have thoroughly explored the scene and are CERTAIN of your answer. \n   - Most of the time, you should NOT provide an answer yet - just explore and set \"done\": false.\n   - Only when you are completely confident should you set both \"answer\": \"X\" AND \"done\": true together.\n   - Never output an answer while still exploring (done=false). Either explore (no answer) OR finalize (answer + done=true).\n\n6. **When you are confident:** If you have seen enough viewpoints and are absolutely certain of your answer, set \"done\": true AND provide your answer.\n\n\n            ---\n            FORMAT:\n\n            First, write your detailed reasoning (3-4 sentences explaining what you see and why you're moving the camera, or why you're ready to finalize your answer).\n\n            Then end with a JSON object:\n            {\n            \"rotation_angle_degrees\": <number, e.g., 15 or -30>,\n            \"forward_meters\": <number between -0.5 and 0.5>,\n            \"left_meters\": <number between -0.5 and 0.5>,\n            \"z_delta_meters\": <number between -0.3 and 0.3>,\n            \"answer\": \"your final answer choice (A, B, C, or D) ONLY if done=true, otherwise null\",\n            \"done\": true or false\n            }\n\n            CRITICAL: \"answer\" and \"done\" should be consistent:\n            - If done=false: answer MUST be null (you are still exploring)\n            - If done=true: answer MUST be A, B, C, or D (you have decided to finalize)\n            \n---\nYour previous movements and actions (IMPORTANT: Do not repeat these movements exactly - vary your exploration strategy):\n  Step 1: Moved forward=0.30m, left=0.00m, up=0.00m, rotated=0.0\u00b0\n  Step 2: Moved forward=0.00m, left=0.00m, up=0.00m, rotated=90.0\u00b0\n\nAvoid repeating these exact movements. Explore new areas of the scene.\n",